problem_name,solver_name,run_id,final_archive_size           [archive solutions at the last iteration],final_igd                    [IGD of the final archive],final_gd                     [GD of the final archive],final_hypervolume            [hypervolume of the final archive],final_spacing                [spacing of the final archive],final_spread                 [spread of the final archive],final_feasibility_pct        [% feasible in population at the last iteration],final_front_feasibility_pct  [% of returned front members satisfying all constraints],final_feasible_front         [objective vectors of FEASIBLE front members only; for honest cross-algorithm HV],p_red                        [mean relative error distance across all iterations; 0=ideal],run_time_s
DTNK3,MGPSO_archsentry,1,100,0.993113,0.949494,2.351612,0.000000,1.000000,0.0000,0.0000,[],1.000000,15.53
DTNK3,MGPSO_archsentry,2,100,0.993113,0.949494,1.787250,0.000000,1.000000,0.0000,0.0000,[],1.000000,15.33
DTNK3,MGPSO_archsentry,3,100,0.993113,0.949494,0.012000,0.000000,1.000000,0.0000,0.0000,[],1.000000,13.42
DTNK3,MGPSO_archsentry,4,100,0.993113,0.949494,0.586354,0.000000,1.000000,0.0000,0.0000,[],1.000000,14.38
DTNK3,MGPSO_archsentry,5,100,0.993113,0.949494,0.700892,0.000000,1.000000,0.0000,0.0000,[],1.000000,15.87
DTNK3,MGPSO_archsentry,6,100,0.993113,0.949494,1.205571,0.000000,1.000000,0.0000,0.0000,[],1.000000,14.60
DTNK3,MGPSO_archsentry,7,100,0.993113,0.949494,0.497083,0.000000,1.000000,0.0000,0.0000,[],1.000000,14.53
DTNK3,MGPSO_archsentry,8,100,0.993113,0.949494,0.523767,0.000000,1.000000,0.0000,0.0000,[],1.000000,14.47
DTNK3,MGPSO_archsentry,9,100,0.993113,0.949494,0.149527,0.000000,1.000000,0.0000,0.0000,[],1.000000,16.77
DTNK3,MGPSO_archsentry,10,100,0.993113,0.949494,1.281886,0.000000,1.000000,0.0000,0.0000,[],1.000000,14.28
DTNK3,MGPSO_archsentry,11,100,0.993113,0.949494,0.012000,0.000000,1.000000,0.0000,0.0000,[],1.000000,13.36
DTNK3,MGPSO_archsentry,12,100,0.993113,0.949494,4.096306,0.000000,1.000000,0.0000,0.0000,[],1.000000,15.67
DTNK3,MGPSO_archsentry,13,100,0.993113,0.949494,0.012000,0.000000,1.000000,0.0000,0.0000,[],1.000000,18.45
DTNK3,MGPSO_archsentry,14,100,0.993113,0.949494,0.621765,0.000000,1.000000,0.0000,0.0000,[],1.000000,14.73
DTNK3,MGPSO_archsentry,15,100,0.993113,0.949494,3.322226,0.000000,1.000000,0.0000,0.0000,[],1.000000,14.36
DTNK3,MGPSO_archsentry,16,100,0.993113,0.949494,3.469030,0.000000,1.000000,0.0000,0.0000,[],1.000000,14.41
DTNK3,MGPSO_archsentry,17,100,0.993113,0.949494,0.272881,0.000000,1.000000,0.0000,0.0000,[],1.000000,17.49
DTNK3,MGPSO_archsentry,18,100,0.993113,0.949494,0.517524,0.000000,1.000000,0.0000,0.0000,[],1.000000,14.09
DTNK3,MGPSO_archsentry,19,100,0.993113,0.949494,0.035563,0.000000,1.000000,0.0000,0.0000,[],1.000000,16.18
DTNK3,MGPSO_archsentry,20,100,0.993113,0.949494,1.638805,0.000000,1.000000,0.0000,0.0000,[],0.999819,15.73
DTNK3,MGPSO_archsentry,21,100,0.993113,0.949494,0.772515,0.000000,1.000000,0.0000,0.0000,[],1.000000,14.84
DTNK3,MGPSO_archsentry,22,100,0.993113,0.949494,1.674931,0.000000,1.000000,0.0000,0.0000,[],1.000000,14.62
DTNK3,MGPSO_archsentry,23,100,0.993113,0.949494,2.060004,0.000000,1.000000,0.0000,0.0000,[],1.000000,14.35
DTNK3,MGPSO_archsentry,24,100,0.993113,0.949494,1.179249,0.000000,1.000000,0.0000,0.0000,[],1.000000,15.64
DTNK3,MGPSO_archsentry,25,100,0.993113,0.949494,1.889811,0.000000,1.000000,0.0000,0.0000,[],1.000000,14.57
DTNK3,MGPSO_archsentry,26,100,0.993113,0.949494,0.572793,0.000000,1.000000,0.0000,0.0000,[],1.000000,15.38
DTNK3,MGPSO_archsentry,27,100,0.993113,0.949494,0.618867,0.000000,1.000000,0.0000,0.0000,[],1.000000,15.05
DTNK3,MGPSO_archsentry,28,100,0.993113,0.949494,1.043205,0.000000,1.000000,0.0000,0.0000,[],1.000000,15.04
DTNK3,MGPSO_archsentry,29,100,0.993113,0.949494,0.474034,0.000000,1.000000,0.0000,0.0000,[],1.000000,14.76
DTNK3,MGPSO_archsentry,30,100,0.993113,0.949494,0.408994,0.000000,1.000000,0.0000,0.0000,[],1.000000,14.90
