problem_name,solver_name,run_id,final_archive_size           [archive solutions at the last iteration],final_igd                    [IGD of the final archive],final_gd                     [GD of the final archive],final_hypervolume            [hypervolume of the final archive],final_spacing                [spacing of the final archive],final_spread                 [spread of the final archive],final_feasibility_pct        [% feasible in population at the last iteration],final_front_feasibility_pct  [% of returned front members satisfying all constraints],final_feasible_front         [objective vectors of FEASIBLE front members only; for honest cross-algorithm HV],run_time_s
OSY,MGPSO,1,100,,,205557.717697,9.181496,,2.0000,0.0000,[],14.41
OSY,MGPSO,2,100,,,440277.884247,9.157669,,1.0000,0.0000,[],13.41
OSY,MGPSO,3,100,,,231739.412583,9.753578,,0.0000,0.0000,[],14.37
OSY,MGPSO,4,100,,,341896.795158,9.308325,,1.0000,0.0000,[],13.47
OSY,MGPSO,5,100,,,241165.478809,8.835255,,1.0000,0.0000,[],14.78
OSY,MGPSO,6,100,,,241950.102133,8.921186,,1.0000,0.0000,[],14.93
OSY,MGPSO,7,100,,,119379.650809,8.952519,,0.0000,0.0000,[],13.09
OSY,MGPSO,8,100,,,255229.614123,8.899685,,0.0000,0.0000,[],13.41
OSY,MGPSO,9,100,,,337263.428750,8.842926,,1.0000,0.0000,[],13.92
OSY,MGPSO,10,100,,,131004.723891,9.229103,,2.0000,0.0000,[],14.62
OSY,MGPSO,11,100,,,307391.266433,9.085319,,4.0000,0.0000,[],15.40
OSY,MGPSO,12,100,,,290128.830564,9.161110,,0.0000,0.0000,[],14.37
OSY,MGPSO,13,100,,,299099.673262,9.156314,,3.0000,0.0000,[],13.84
OSY,MGPSO,14,100,,,504265.407872,9.012470,,0.0000,0.0000,[],13.72
OSY,MGPSO,15,100,,,230117.752843,9.339203,,1.0000,0.0000,[],14.03
OSY,MGPSO,16,100,,,353055.357360,9.467360,,1.0000,0.0000,[],14.29
OSY,MGPSO,17,100,,,228766.979632,9.095008,,1.0000,0.0000,[],13.73
OSY,MGPSO,18,100,,,384640.050228,8.462089,,1.0000,0.0000,[],13.65
OSY,MGPSO,19,100,,,242295.917720,9.016983,,3.0000,0.0000,[],14.26
OSY,MGPSO,20,100,,,198908.575577,9.165449,,0.0000,0.0000,[],13.88
OSY,MGPSO,21,100,,,248442.856410,9.272494,,1.0000,0.0000,[],12.81
OSY,MGPSO,22,100,,,253481.520492,8.645576,,1.0000,0.0000,[],12.66
OSY,MGPSO,23,100,,,358831.110534,8.805015,,0.0000,0.0000,[],12.90
OSY,MGPSO,24,100,,,268710.244634,8.990238,,0.0000,0.0000,[],13.23
OSY,MGPSO,25,100,,,305703.028971,9.076581,,0.0000,0.0000,[],13.45
OSY,MGPSO,26,100,,,92860.352468,7.698010,,0.0000,0.0000,[],13.66
OSY,MGPSO,27,100,,,432516.065169,9.173087,,2.0000,0.0000,[],12.24
OSY,MGPSO,28,100,,,246484.121029,9.036149,,3.0000,0.0000,[],12.02
OSY,MGPSO,29,100,,,170713.035841,9.034862,,2.0000,0.0000,[],12.03
OSY,MGPSO,30,100,,,180310.214128,9.025510,,0.0000,0.0000,[],12.72
