tau_t,problem,ccpso_migd,baseline_migd,ccpso_migd_bc,baseline_migd_bc,ccpso_improvement_pct,p_value,n_ccpso,n_baseline,better
10,DTNK,0.035000,0.030645,0.029600,0.028860,-14.21,1.28704e-09,30,30,baseline
10,DTNK3,0.008100,0.010243,0.007700,0.008822,20.92,5.57265e-10,30,30,CCPSO
10,DTNK2,0.034900,0.030054,0.029400,0.027962,-16.12,7.38029e-10,30,30,baseline
25,DTNK,0.026500,0.026778,0.020900,0.026090,1.04,0.982307,30,30,tie
25,DTNK3,0.008100,0.008191,0.007300,0.006370,1.11,0.473347,30,30,tie
25,DTNK2,0.025800,0.026986,0.020200,0.027157,4.39,0.037782,30,30,CCPSO
50,DTNK,0.020000,0.029972,0.014700,0.030587,33.27,3.01986e-11,30,30,CCPSO
50,DTNK3,0.008100,0.007074,0.007000,0.005030,-14.50,2.67842e-06,30,30,baseline
50,DTNK2,0.019600,0.030276,0.014400,0.030668,35.26,3.01986e-11,30,30,CCPSO
