problem,algorithm,igd_mean,igd_std,hv_feasible_mean (fixed ref),hv_std,spread_mean,spread_std,front_feasibility_pct_mean,front_feasibility_pct_std,archive_size_mean,run_time_s_mean,p_red_mean,p_red_std
BNH,CCPSO_strict_sampled,0.4186,0.0082,7221.2884,0.3746,0.3377,0.0172,100.0000,0.0000,100.0000,50.8837,0.0031,0.0001
SRN,CCPSO_strict_sampled,0.9012,0.0062,54436.0218,3.1420,0.0681,0.0092,100.0000,0.0000,100.0000,46.6787,0.0067,0.0006
TNK,CCPSO_strict_sampled,0.0040,0.0002,0.8925,0.0002,0.7067,0.0273,100.0000,0.0000,99.9667,23.1570,0.0214,0.0024
CONSTR,CCPSO_strict_sampled,0.0237,0.0005,5.3072,0.0009,0.5510,0.0144,100.0000,0.0000,100.0000,47.3730,0.0065,0.0004
OSY,CCPSO_strict_sampled,,,20300.4386,317.7022,,,100.0000,0.0000,93.3333,12.7900,,
SCH1,MGPSO_sampled,0.0191,0.0001,12097.2786,0.0005,0.0923,0.0185,100.0000,0.0000,100.0000,52.6217,0.0027,0.0001
ZDT1,MGPSO_sampled,0.0042,0.0000,0.8719,0.0000,0.1075,0.0147,100.0000,0.0000,100.0000,48.5970,0.1625,0.0202
ZDT2,MGPSO_sampled,0.1279,0.2672,0.4534,0.1726,0.2392,0.3144,100.0000,0.0000,100.0000,48.0677,0.3623,0.2619
ZDT3,MGPSO_sampled,0.0204,0.0297,1.2899,0.0569,0.4637,0.0279,100.0000,0.0000,100.0000,29.2323,0.2812,0.0474
ZDT4,MGPSO_sampled,4.8041,2.6995,0.0000,0.0000,0.8320,0.0556,100.0000,0.0000,100.0000,36.5547,1.0000,0.0000
ZDT6,MGPSO_sampled,0.0035,0.0002,0.5043,0.0002,1.2606,0.2182,100.0000,0.0000,100.0000,68.5790,0.1178,0.0329
