problem,algorithm,migd_mean,migd_std,migd_before_change_mean,migd_before_change_std,front_feasibility_pct_mean,front_feasibility_pct_std,p_red_mean,p_red_std,p_red_before_change_mean,p_red_before_change_std
FDA1,MGPSO,0.0736,0.0110,0.0418,0.0102,100.0000,0.0000,0.1925,0.0255,0.1027,0.0315
FDA1,MGPSO_archsentry,0.0715,0.0083,0.0395,0.0066,100.0000,0.0000,0.1861,0.0197,0.0950,0.0210
FDA3,MGPSO,0.0480,0.0044,0.0186,0.0029,100.0000,0.0000,0.1404,0.0104,0.0506,0.0088
FDA3,MGPSO_archsentry,0.0476,0.0047,0.0187,0.0031,100.0000,0.0000,0.1377,0.0104,0.0501,0.0079
DTNK,MGPSO,1.0527,0.0002,1.0529,0.0000,0.0000,0.0000,1.0000,0.0000,1.0000,0.0000
DTNK,MGPSO_feasarch,0.0281,0.0025,0.0217,0.0020,100.0000,0.0000,0.0690,0.0064,0.0449,0.0054
DTNK,CCPSO_filter,0.0258,0.0020,0.0171,0.0013,100.0000,0.0000,0.0565,0.0046,0.0226,0.0015
DTNK,CCPSO_strict,0.0200,0.0010,0.0147,0.0008,100.0000,0.0000,0.0419,0.0028,0.0187,0.0007
DTNK,MGPSO_archsentry,1.0526,0.0002,1.0529,0.0000,0.0000,0.0000,1.0000,0.0000,1.0000,0.0000
DTNK,MGPSO_feasarch_archsentry,0.0276,0.0020,0.0213,0.0017,100.0000,0.0000,0.0695,0.0061,0.0449,0.0062
DTNK,CCPSO_filter_archsentry,0.0265,0.0019,0.0175,0.0011,100.0000,0.0000,0.0581,0.0060,0.0235,0.0022
DTNK,CCPSO_strict_archsentry,0.0200,0.0010,0.0146,0.0007,100.0000,0.0000,0.0424,0.0030,0.0192,0.0009
DTNK3,MGPSO,0.9929,0.0002,0.9931,0.0000,0.0000,0.0000,1.0000,0.0000,1.0000,0.0000
DTNK3,MGPSO_feasarch,0.0115,0.0014,0.0100,0.0012,100.0000,0.0000,0.0350,0.0050,0.0197,0.0034
DTNK3,CCPSO_filter,0.0106,0.0011,0.0096,0.0010,100.0000,0.0000,0.0241,0.0034,0.0106,0.0021
DTNK3,CCPSO_strict,0.0081,0.0009,0.0070,0.0008,100.0000,0.0000,0.0220,0.0029,0.0073,0.0011
DTNK3,MGPSO_archsentry,0.9927,0.0002,0.9931,0.0000,0.0000,0.0000,1.0000,0.0000,1.0000,0.0000
DTNK3,MGPSO_feasarch_archsentry,0.0112,0.0012,0.0097,0.0011,100.0000,0.0000,0.0333,0.0043,0.0174,0.0026
DTNK3,CCPSO_filter_archsentry,0.0101,0.0010,0.0090,0.0009,100.0000,0.0000,0.0241,0.0051,0.0102,0.0025
DTNK3,CCPSO_strict_archsentry,0.0079,0.0007,0.0069,0.0007,100.0000,0.0000,0.0235,0.0026,0.0078,0.0015
DTNK2,MGPSO,1.0526,0.0003,1.0529,0.0000,0.0000,0.0000,1.0000,0.0000,1.0000,0.0000
DTNK2,MGPSO_feasarch,0.0283,0.0021,0.0221,0.0019,100.0000,0.0000,0.0699,0.0052,0.0464,0.0047
DTNK2,CCPSO_filter,0.0262,0.0023,0.0171,0.0014,100.0000,0.0000,0.0575,0.0062,0.0238,0.0023
DTNK2,CCPSO_strict,0.0196,0.0010,0.0144,0.0008,100.0000,0.0000,0.0413,0.0024,0.0189,0.0011
DTNK2,MGPSO_archsentry,1.0526,0.0002,1.0529,0.0000,0.0000,0.0000,1.0000,0.0000,1.0000,0.0000
DTNK2,MGPSO_feasarch_archsentry,0.0275,0.0018,0.0214,0.0015,100.0000,0.0000,0.0672,0.0056,0.0434,0.0046
DTNK2,CCPSO_filter_archsentry,0.0268,0.0020,0.0176,0.0012,100.0000,0.0000,0.0584,0.0063,0.0234,0.0025
DTNK2,CCPSO_strict_archsentry,0.0199,0.0011,0.0146,0.0008,100.0000,0.0000,0.0411,0.0027,0.0189,0.0007
DTNK4,MGPSO,2.4250,0.0004,2.4253,0.0000,0.0000,0.0000,1.0000,0.0000,1.0000,0.0000
DTNK4,MGPSO_feasarch,0.0968,0.0390,0.0614,0.0357,,,0.9675,0.0238,0.9616,0.0315
DTNK4,CCPSO_filter,0.2142,0.1605,0.2122,0.1728,56.6667,49.5536,0.5971,0.3253,0.5614,0.3662
DTNK4,CCPSO_strict,0.0588,0.0168,0.0337,0.0179,100.0000,0.0000,0.3462,0.0571,0.2009,0.0811
DTNK4,MGPSO_archsentry,2.4249,0.0004,2.4253,0.0000,0.0000,0.0000,1.0000,0.0000,1.0000,0.0000
DTNK4,MGPSO_feasarch_archsentry,0.1052,0.0501,0.0753,0.0437,,,0.9761,0.0164,0.9713,0.0222
DTNK4,CCPSO_filter_archsentry,0.1829,0.1459,0.1783,0.1510,53.3333,49.8888,0.5525,0.3149,0.5233,0.3541
DTNK4,CCPSO_strict_archsentry,0.0474,0.0090,0.0243,0.0088,100.0000,0.0000,0.3085,0.0160,0.1458,0.0201
